selection_topic,ID,EventDate,Employer,Primary NAICS,Hospitalized,Amputation,Loss of Eye,NatureTitle,Part of Body Title,EventTitle,SourceTitle,Final Narrative,text,human_sif_label,human_action,human_object,human_control_deficiency,human_iogp_rule
electrical,2015042044,4/16/2015,KOHLER COMPANY,333618,1.0,0.0,0.0,Fractures,Forearm(s),"Caught in running equipment or machinery during maintenance, cleaning ",Milling machines,"An electrical maintenance technician was trouble shooting an electrical fault on a horizontal machine center (HMC).  The maintenance tech turned the HMC off; however, he did not lockout the HMC.  The maintenance tech went to the back of the HMC and removed a panel to work on the machine and clear the electrical fault.  The maintenance tech cleared the fault.  The setup technician noticed that the fault was cleared from the HMC control panel; and the setup tech pushed the home button to bring the carriage to the starting position.  The maintenance tech was still working on the HMC at the back of machine.  When the setup tech pushed the home button the carriage moved back to the starting position and pinned the maintenance tech's right arm between the carriage and the HMC frame.  The maintenance tech's right arm was broken in two different locations below the elbow.","An electrical maintenance technician was trouble shooting an electrical fault on a horizontal machine center (HMC). The maintenance tech turned the HMC off; however, he did not lockout the HMC. The maintenance tech went to the back of the HMC and removed a panel to work on the machine and clear the electrical fault. The maintenance tech cleared the fault. The setup technician noticed that the fault was cleared from the HMC control panel; and the setup tech pushed the home button to bring the carriage to the starting position. The maintenance tech was still working on the HMC at the back of machine. When the setup tech pushed the home button the carriage moved back to the starting position and pinned the maintenance tech's right arm between the carriage and the HMC frame. The maintenance tech's right arm was broken in two different locations below the elbow.",1.0,maintenance_repair,machinery,no_isolation,Energy Isolation
electrical,20171211568,12/6/2017,Comar LLC,325211,1.0,0.0,0.0,Fractures,Multiple foot (feet) locations,Struck by object falling from vehicle or machinery-other than vehicle part,"Dies, molds, patterns","An employee was using an overhead hoist to move an injection blow mold from a work bench to a pallet. The mold halves were being held together with a C-clamp. As the mold was being moved, it became entangled in the electrical cord for the hoist. The injured employee freed the mold from the electrical cord. The C-clamp then contacted the hoist beam supporting the leg and loosened, allowing the bottom half of the mold to fall. The mold struck the injured employee's left foot, lacerating it, fracturing the second metatarsal, and chipping the big toe bone. The employee was hospitalized.","An employee was using an overhead hoist to move an injection blow mold from a work bench to a pallet. The mold halves were being held together with a C-clamp. As the mold was being moved, it became entangled in the electrical cord for the hoist. The injured employee freed the mold from the electrical cord. The C-clamp then contacted the hoist beam supporting the leg and loosened, allowing the bottom half of the mold to fall. The mold struck the injured employee's left foot, lacerating it, fracturing the second metatarsal, and chipping the big toe bone. The employee was hospitalized.",1.0,lifting,machinery,none,Safe Mechanical Lifting
electrical,2020077027,7/28/2020,Federal Aviation Administration,481219,0.0,1.0,0.0,"Amputations, avulsions, enucleations, n.e.c.","Finger(s), fingernail(s), n.e.c.",Struck against moving part of machinery or equipment,"Fans, blowers-wall, floor, ceiling, ventilation","An employee was investigating a noise in an HVAC duct-system. He located a suspect auxiliary blower unit, deenergized it, and then went to retrieve tools. He returned to the blower after approximately 10 minutes. The fan/belt/pulley were slowly rotating even though power had been isolated. The employee removed a cover so he could press a tool against the belt to bring the blower to a stop. While reaching for the tool, his hand slipped into the pulley/belt resulting in an amputation to the right index finger from the base of the nail to the end of the finger. Also, the top third of the right middle finger was degloved.","An employee was investigating a noise in an HVAC duct-system. He located a suspect auxiliary blower unit, deenergized it, and then went to retrieve tools. He returned to the blower after approximately 10 minutes. The fan/belt/pulley were slowly rotating even though power had been isolated. The employee removed a cover so he could press a tool against the belt to bring the blower to a stop. While reaching for the tool, his hand slipped into the pulley/belt resulting in an amputation to the right index finger from the base of the nail to the end of the finger. Also, the top third of the right middle finger was degloved.",1.0,maintenance_repair,rotating_equipment,unknown_stored_energy,Line of Fire
electrical,20231211318,12/12/2023,Lott Brothers Construction Company LTD,236116,1.0,0.0,0.0,"Electrical burns, unspecified",Upper and lower limb(s),"Indirect exposure to electricity, greater than 220 volts","Wire, cables-nonelectrical","A crew was working near an electrical pole. A co-worker was using a front-loader to grade a slope when the loader slid into a guy-wire and became tangled and stuck. The injured employee used a handheld grinder to cut the wire a few feet from the ground. The lower part of the wire fell to the ground, but the upper part of the wire fell toward the pole and contacted an energized part before the end landed in nearby bushes. The employee attempted to shake the bush to free the wire so it could fall back toward the pole. The wire popped up and contacted his hands, resulting in electrical entry burns to both hands and exit burns on both feet.","A crew was working near an electrical pole. A co-worker was using a front-loader to grade a slope when the loader slid into a guy-wire and became tangled and stuck. The injured employee used a handheld grinder to cut the wire a few feet from the ground. The lower part of the wire fell to the ground, but the upper part of the wire fell toward the pole and contacted an energized part before the end landed in nearby bushes. The employee attempted to shake the bush to free the wire so it could fall back toward the pole. The wire popped up and contacted his hands, resulting in electrical entry burns to both hands and exit burns on both feet.",1.0,electrical_work,electrical_cable,none,Energy Isolation
electrical,20251111634,11/24/2025,Transel Elevator & Electric Inc.,561790,1.0,0.0,0.0, Fractures and soft tissue injuries, Hand(s) and wrist(s)," Struck by running powered equipment  during maintenance, cleaning, testing", Elevators,Two employees were working together to install electrical conduit to a new fixture panel inside an elevator car. The injured employee was working in the elevator pit beneath the elevator car. He stood on two pieces of angle iron that secured the elevator buffer in the pit while preparing to pass a powered knockout tool up to the second employee inside the elevator car. His right hand was on the guide rail in the adjacent elevator hoist way when the adjacent elevator car descended and crushed his hand and wrist between the roller guide and the guide rail. His right wrist was dislocated and several bones in his hand were fractured.,Two employees were working together to install electrical conduit to a new fixture panel inside an elevator car. The injured employee was working in the elevator pit beneath the elevator car. He stood on two pieces of angle iron that secured the elevator buffer in the pit while preparing to pass a powered knockout tool up to the second employee inside the elevator car. His right hand was on the guide rail in the adjacent elevator hoist way when the adjacent elevator car descended and crushed his hand and wrist between the roller guide and the guide rail. His right wrist was dislocated and several bones in his hand were fractured.,1.0,construction_installation,machinery,none,Line of Fire
working_at_height,2015085922,8/19/2015,Cedar Fair LP,713110,1.0,0.0,0.0,Fractures,"Chest, except internal location of diseases or disorders","Caught in running equipment or machinery during maintenance, cleaning ",Nonrail amusement rides,"A maintenance employee was performing daily inspections on the Dominator Ride. He attached a fall protection device to the carriage of the ride and rode the carriage to the top, then stepped off of the carriage and onto an inspection catwalk. He contacted personnel on the ground to lower the carriage so he could inspect the ride cables. He did not disconnect his harness and lanyard and was pulled off the catwalk by the harness and lanyard as the carriage was lowered. He was left suspended in the air from the lanyard and harness, suffering seven broken ribs, as well as neck and shoulder edema and contusions.","A maintenance employee was performing daily inspections on the Dominator Ride. He attached a fall protection device to the carriage of the ride and rode the carriage to the top, then stepped off of the carriage and onto an inspection catwalk. He contacted personnel on the ground to lower the carriage so he could inspect the ride cables. He did not disconnect his harness and lanyard and was pulled off the catwalk by the harness and lanyard as the carriage was lowered. He was left suspended in the air from the lanyard and harness, suffering seven broken ribs, as well as neck and shoulder edema and contusions.",1.0,inspection_testing,machinery,none,Work at Height
working_at_height,2017109771,10/11/2017,"Monroe Truck Equipment, Inc.",336211,1.0,0.0,0.0,Fractures,"Multiple body parts, n.e.c.",Struck by object falling from vehicle or machinery-other than vehicle part,"Vehicle and mobile equipment parts, n.e.c.","An employee was supervising as two coworkers removed a plow from an overhead conveyor line. The plow was suspended from the conveyor by two j-hooks and two s-hooks. The coworkers were using a forklift to lower the plow to the ground. As the plow was being raised by the forklift, one of the coworkers guided it so that the mouth of the plow rested on the tines. The tines on the lift were wet due to rainy weather conditions, causing the plow to slide toward the end of the tines and fall off the forklift onto the ground. During its descent, the plow struck the employee on the right side of his body and sent him backwards into a hook rack, fracturing his ribs, shoulder blade, and T-12 vertebra.","An employee was supervising as two coworkers removed a plow from an overhead conveyor line. The plow was suspended from the conveyor by two j-hooks and two s-hooks. The coworkers were using a forklift to lower the plow to the ground. As the plow was being raised by the forklift, one of the coworkers guided it so that the mouth of the plow rested on the tines. The tines on the lift were wet due to rainy weather conditions, causing the plow to slide toward the end of the tines and fall off the forklift onto the ground. During its descent, the plow struck the employee on the right side of his body and sent him backwards into a hook rack, fracturing his ribs, shoulder blade, and T-12 vertebra.",1.0,lifting,crane_lifting_equipment,none,Safe Mechanical Lifting
working_at_height,2020076436,7/10/2020,"Sundown Operating, Inc.",213112,2.0,0.0,0.0,Fractures,Hip(s),Struck by object falling from vehicle or machinery-other than vehicle part,"Machine and appliance parts, n.e.c.","Employees of Sundown Operating, Inc., and Axis Energy Services, LLC were working at an old oil/gas well plugging the well and getting ready to rig down. The Axis Energy Services employee was working from the platform operating the snubbing equipment. The casing from the well bore connected to the primary BOP broke causing the secondary BOP and the platform where the employee was working to fall to the ground approximately 28 feet below. The Axis Energy Services employee was hospitalized for a fractured leg. The Sundown Operating employee was assisting with the snubbing operation and was struck on the leg by the falling lug nut to the hydraulic BOP. The Sundown Operating employee was hospitalized for a fractured hip.","Employees of Sundown Operating, Inc., and Axis Energy Services, LLC were working at an old oil/gas well plugging the well and getting ready to rig down. The Axis Energy Services employee was working from the platform operating the snubbing equipment. The casing from the well bore connected to the primary BOP broke causing the secondary BOP and the platform where the employee was working to fall to the ground approximately 28 feet below. The Axis Energy Services employee was hospitalized for a fractured leg. The Sundown Operating employee was assisting with the snubbing operation and was struck on the leg by the falling lug nut to the hydraulic BOP. The Sundown Operating employee was hospitalized for a fractured hip.",1.0,drilling_wellwork,well_casing,barrier_failed,Line of Fire
working_at_height,2023021291,2/9/2023,O'Brien Steel Service Co.,423510,1.0,0.0,0.0,Fractures,"Foot (feet), unspecified",Struck by object falling from vehicle or machinery-other than vehicle part,"Containers-nonpressurized, n.e.c.","On February 9, 2023, an employee was using an overhead crane to remove a bundle of    cold finish rounds (steel bars) from a vertical storage pan to place the bundle on a work table for packaging and shipment. The storage pan was on the forks of a forklift parked near the work table. The end of the bundle was raised approximately 3 feet above the pan when the chain slipped off allowing the bundle to fall back into the pan. This caused the pan and bundle to fall off the forklift. The edge of the pan scraped down his shin and landed on his left foot. The employee was hospitalized with a broken foot.","On February 9, 2023, an employee was using an overhead crane to remove a bundle of cold finish rounds (steel bars) from a vertical storage pan to place the bundle on a work table for packaging and shipment. The storage pan was on the forks of a forklift parked near the work table. The end of the bundle was raised approximately 3 feet above the pan when the chain slipped off allowing the bundle to fall back into the pan. This caused the pan and bundle to fall off the forklift. The edge of the pan scraped down his shin and landed on his left foot. The employee was hospitalized with a broken foot.",1.0,lifting,crane_lifting_equipment,none,Safe Mechanical Lifting
working_at_height,2025066060,6/24/2025,"White Cap Holding (SC), LLC",444190,0.0,1.0,0.0, Amputations involving bone loss, Other finger(s)  n.e.c., Pedestrian struck by vehicle or object propelled by another vehicle in nonroadway area," Forklift, order picker, platform truck powered","An employee was loading a pallet of water onto the back of his truck when the wire grate sideboard fell off. After exiting his forklift to pick up the fallen sideboard, he stood next to the truck, awaiting the loading of the second pallet. The operator of the second forklift positioned the pallet on the flatbed and began to reverse out. As the forks exited the pallet, they caught the mesh sideboard grate that the employee had gathered and placed next to it, causing the mesh sideboard grate to pull back and catch the employee's fingers inside it. The employee suffered lacerations, including to the left little finger, and required amputation of the little finger down to the knuckle of the hand.","An employee was loading a pallet of water onto the back of his truck when the wire grate sideboard fell off. After exiting his forklift to pick up the fallen sideboard, he stood next to the truck, awaiting the loading of the second pallet. The operator of the second forklift positioned the pallet on the flatbed and began to reverse out. As the forks exited the pallet, they caught the mesh sideboard grate that the employee had gathered and placed next to it, causing the mesh sideboard grate to pull back and catch the employee's fingers inside it. The employee suffered lacerations, including to the left little finger, and required amputation of the little finger down to the knuckle of the hand.",0.0,material_handling,vehicle,none,Safe Mechanical Lifting
lifting_line_of_fire,2015053285,5/29/2015,CATALENT,325412,1.0,0.0,0.0,Fractures,Lumbar region,Part of occupant s body caught between vehicle and other object in nonroadway transport incident,"Forklift, order picker, platform truck-powered","An employee was engaged in hands-on training on a side-oriented forklift, observed by a trainer/coach. She pulled down a load from a rack and was preparing to set it on the floor. She moved too close to the rack and her trainer directed her to stop and move to the center of the aisle. She stopped the forklift and had her foot on the pedal with the wheels turned. She intended to move forward, but instead reversed. The forklift swung around 180 degrees, reversed, and went partially under the rack. She hit her back on the rack and stopped the forklift. She was held between the rack and the forklift steering wheel, with her foot on the pedal.  The coach/trainer reached the forklift pedal and joystick from the ground and maneuvered the forklift forward. He helped her down and laid her on the floor. She was hospitalized overnight for lumbar fracture pain management.","An employee was engaged in hands-on training on a side-oriented forklift, observed by a trainer/coach. She pulled down a load from a rack and was preparing to set it on the floor. She moved too close to the rack and her trainer directed her to stop and move to the center of the aisle. She stopped the forklift and had her foot on the pedal with the wheels turned. She intended to move forward, but instead reversed. The forklift swung around 180 degrees, reversed, and went partially under the rack. She hit her back on the rack and stopped the forklift. She was held between the rack and the forklift steering wheel, with her foot on the pedal. The coach/trainer reached the forklift pedal and joystick from the ground and maneuvered the forklift forward. He helped her down and laid her on the floor. She was hospitalized overnight for lumbar fracture pain management.",1.0,driving,vehicle,none,Line of Fire
lifting_line_of_fire,2017032175,3/8/2017,TENNECO INC.,336330,1.0,0.0,0.0,Fractures,Pelvis,Struck by object falling from vehicle or machinery-other than vehicle part,"Reels, rolls, spools, coils, cones","On March 08, 2017, an employee was hoisting a steel coil via an underhung crane for placement in the cradle of a coil feeding machine. As the operator began to hoist and position the coil over the cradle, the lower button on the crane's control pendant was pressed before the coil was appropriately aligned between the cradle walls. The coil landed on the top edge of the cradle creating slack on the load line, breaking the safety latch, and displacing the coil attachment from the hook. The coil struck a few machine components before ultimately landing on the operator's lower half of his body and fracturing his pelvis. The employee was hospitalized.","On March 08, 2017, an employee was hoisting a steel coil via an underhung crane for placement in the cradle of a coil feeding machine. As the operator began to hoist and position the coil over the cradle, the lower button on the crane's control pendant was pressed before the coil was appropriately aligned between the cradle walls. The coil landed on the top edge of the cradle creating slack on the load line, breaking the safety latch, and displacing the coil attachment from the hook. The coil struck a few machine components before ultimately landing on the operator's lower half of his body and fracturing his pelvis. The employee was hospitalized.",1.0,lifting,crane_lifting_equipment,none,Safe Mechanical Lifting
lifting_line_of_fire,2020077171,7/30/2020,"Meeco Sullivan, LLC",237990,1.0,0.0,0.0,Fractures,"Ankle(s) and leg(s), n.e.c.",Struck by object falling from vehicle or machinery-other than vehicle part,"Raft, floating dock","Two employees were using a gantry crane to flip a dock (approximately 45 feet long by 4 feet wide) from pontoons side up to pontoons side down. While the dock was at an approximately 45-degree angle, with the pontoons facing down, the injured employee began lowering the dock to the floor using the gantry crane s pendant. He then saw an issue and began to lift the dock back up, to roll the dock backwards and position it vertically. At this point, the rigging slipped out of the gantry crane s hook. When the injured employee began to lower the dock again, the dock fell on top of him, crushing his left ankle and fracturing his right femur.","Two employees were using a gantry crane to flip a dock (approximately 45 feet long by 4 feet wide) from pontoons side up to pontoons side down. While the dock was at an approximately 45-degree angle, with the pontoons facing down, the injured employee began lowering the dock to the floor using the gantry crane s pendant. He then saw an issue and began to lift the dock back up, to roll the dock backwards and position it vertically. At this point, the rigging slipped out of the gantry crane s hook. When the injured employee began to lower the dock again, the dock fell on top of him, crushing his left ankle and fracturing his right femur.",1.0,lifting,crane_lifting_equipment,none,Safe Mechanical Lifting
lifting_line_of_fire,2023076059,7/8/2023,"FERREIRA CONSTRUCTION CO., INC.",237310,1.0,1.0,0.0,Amputations,"Finger(s), fingernail(s), unspecified",Caught in running equipment or machinery during regular operation,"Pile drivers, tamping machinery","An employee was assisting with the placement of a vise vibratory hammer with a clamp onto a road plate that was vertically imbedded in the ground. The crane was lowered onto the road plate while the employees rotated the hammer into position. As the hammer s jaws were engaged onto the plate, the hammer shifted away from the injured employee. He was then pulled by the hammer as the clamp remained stationary on the embedded road plate for support of excavation. The hammer pulled him toward the clamp, pinching the employee's fingers against the stop plate on the rail and the clamp. The employee's right middle and ring fingers were partially amputated.","An employee was assisting with the placement of a vise vibratory hammer with a clamp onto a road plate that was vertically imbedded in the ground. The crane was lowered onto the road plate while the employees rotated the hammer into position. As the hammer s jaws were engaged onto the plate, the hammer shifted away from the injured employee. He was then pulled by the hammer as the clamp remained stationary on the embedded road plate for support of excavation. The hammer pulled him toward the clamp, pinching the employee's fingers against the stop plate on the rail and the clamp. The employee's right middle and ring fingers were partially amputated.",0.0,lifting,crane_lifting_equipment,none,Line of Fire
lifting_line_of_fire,2025076655,7/10/2025,Turner Industries Group,238990,1.0,0.0,0.0, Fractures   ," Rib(s), oblique area", Pedestrian struck by vehicle or object propelled by another vehicle in nonroadway area," Forklift, order picker, platform truck powered","An employee rigged a crate so that it could be removed from a shipping container. The pallet jack could not access the crate in the back of the container so a choker was attached to the crate and a forklift attached to the choker to pull the crate into a position where the pallet jack could reach it. As the forklift operator was pulling out the crate with the choker and the employee was walking away, the crate came apart and a 4 x 4 portion of the skid struck the employee who rigged it in the back of the head below their hard hat, resulting in a laceration. The employee was knocked to the floor and sustained a fractured ninth rib on his left side.","An employee rigged a crate so that it could be removed from a shipping container. The pallet jack could not access the crate in the back of the container so a choker was attached to the crate and a forklift attached to the choker to pull the crate into a position where the pallet jack could reach it. As the forklift operator was pulling out the crate with the choker and the employee was walking away, the crate came apart and a 4 x 4 portion of the skid struck the employee who rigged it in the back of the head below their hard hat, resulting in a laceration. The employee was knocked to the floor and sustained a fractured ninth rib on his left side.",1.0,material_handling,crane_lifting_equipment,none,Line of Fire
pressure_line_breaking,2015063809,6/14/2015,"TEX-TRUDE, INC.",326113,1.0,1.0,0.0,Amputations,"Finger(s), fingernail(s), n.e.c.","Caught in running equipment or machinery during maintenance, cleaning ",Trash compactors,"An employee was helping a coworker move material from reprocessing to the film department, which involved attaching a 4-inch hose to a hopper. Once the hose is hooked up, material flows through a filtering system in the hopper. There is a rotary valve at the bottom of the filter.  The valve rotates and dumps waste into a container. The hopper was jammed or clogged up, so the employees tried to get it to work by cycling the power. The injured employee was going to feel around the rotary valve for the jam or clog when the rotary valve ""sucked his hand up"" into it and amputated the distal phalanx of the thumb.","An employee was helping a coworker move material from reprocessing to the film department, which involved attaching a 4-inch hose to a hopper. Once the hose is hooked up, material flows through a filtering system in the hopper. There is a rotary valve at the bottom of the filter. The valve rotates and dumps waste into a container. The hopper was jammed or clogged up, so the employees tried to get it to work by cycling the power. The injured employee was going to feel around the rotary valve for the jam or clog when the rotary valve ""sucked his hand up"" into it and amputated the distal phalanx of the thumb.",1.0,maintenance_repair,machinery,no_isolation,Energy Isolation
pressure_line_breaking,2017076668,7/18/2017,"Bison Drilling and Field Services, LLC",211111,1.0,0.0,0.0,Crushing injuries,"Finger(s), fingernail(s), n.e.c.","Caught in or compressed by equipment or objects, unspecified",Oil drilling rigs and machinery,"An employee was helping a coworker lower a cutting trough. The coworker attached a chain to the cutting trough and a shaker walkway overhang. The employee centered a forklift on the cutting trough and raised the forks up until they came into contact with the trough, to relieve any pressure from the saddle supports underneath. He un-pinned and removed one saddle support, then attempted to un-pin/remove the second support. He took his left hand and held the tubing and the slide portion of the saddle support in order to gain additional leverage to free the stuck pin. Once the pin came out, the slide fell and smashed his left index finger between the saddle and the tubing.","An employee was helping a coworker lower a cutting trough. The coworker attached a chain to the cutting trough and a shaker walkway overhang. The employee centered a forklift on the cutting trough and raised the forks up until they came into contact with the trough, to relieve any pressure from the saddle supports underneath. He un-pinned and removed one saddle support, then attempted to un-pin/remove the second support. He took his left hand and held the tubing and the slide portion of the saddle support in order to gain additional leverage to free the stuck pin. Once the pin came out, the slide fell and smashed his left index finger between the saddle and the tubing.",0.0,maintenance_repair,machinery,none,Line of Fire
pressure_line_breaking,2020065752,6/19/2020,"DH Pace Company, Inc., dba Overhead Door Company of St. Louis",238290,0.0,1.0,0.0,Amputations,Fingertip(s),Caught in running equipment or machinery during regular operation,Gates,"An employee was servicing a traffic arresting barrier gate that was equipped with a retractable bollard. The bollard is moved into the up position by use of a pump and hydraulic pressure. The bollard moves into the down position by gravity as a solenoid is triggered to open a valve to relieve hydraulic pressure. When the gate is closed, the bollard is in the up position. When the gate is triggered to be opened, the bollard retracts below the road surface and then the gate slides open.  There was a removable access panel that allows access below the surface of the road to a pit where adjustments to limit switches, sensors, etc. may be made. After diagnosing the problems with the gate, the employee discovered an issue with the proximity sensor within the pit below the access panel. While adhering magnets to the surface of the bollard in line with the proximity sensor, the bollard unexpectedly descended into the frame sleeve below the road surface without the hydraulic pump activating. The employee's hands were in the pit at the time and his fingers were inside the frame sleeve. The employee's left middle and ring fingertips were amputated. The right middle fingertip was also amputated.","An employee was servicing a traffic arresting barrier gate that was equipped with a retractable bollard. The bollard is moved into the up position by use of a pump and hydraulic pressure. The bollard moves into the down position by gravity as a solenoid is triggered to open a valve to relieve hydraulic pressure. When the gate is closed, the bollard is in the up position. When the gate is triggered to be opened, the bollard retracts below the road surface and then the gate slides open. There was a removable access panel that allows access below the surface of the road to a pit where adjustments to limit switches, sensors, etc. may be made. After diagnosing the problems with the gate, the employee discovered an issue with the proximity sensor within the pit below the access panel. While adhering magnets to the surface of the bollard in line with the proximity sensor, the bollard unexpectedly descended into the frame sleeve below the road surface without the hydraulic pump activating. The employee's hands were in the pit at the time and his fingers were inside the frame sleeve. The employee's left middle and ring fingertips were amputated. The right middle fingertip was also amputated.",1.0,maintenance_repair,machinery,unknown_stored_energy,Line of Fire
pressure_line_breaking,20231211562,12/21/2023,Berg Pipe Mobile,332996,1.0,0.0,0.0, Fractures,"Back, including spine, spinal cord, unspecified", Caught in running equipment or machinery during regular operation," Machinery, unspecified",An employee was working as a paint inspector and was inspecting painted pipe for production runs. She pressed the joystick to move the pipe into the number 1 position and then stepped up onto a platform to inspect the end of the pipe. The pipe began to move into the number 2 position that is across the platform the employee was working at. As the employee realized the pipe was moving she tried to back up but was pinned against the pipe roller on the other side of the platform. The pipe continued to move across the platform crushing the employee. The employee suffered a fractured back.,An employee was working as a paint inspector and was inspecting painted pipe for production runs. She pressed the joystick to move the pipe into the number 1 position and then stepped up onto a platform to inspect the end of the pipe. The pipe began to move into the number 2 position that is across the platform the employee was working at. As the employee realized the pipe was moving she tried to back up but was pinned against the pipe roller on the other side of the platform. The pipe continued to move across the platform crushing the employee. The employee suffered a fractured back.,1.0,maintenance_repair,machinery,none,Line of Fire
pressure_line_breaking,20251111705,11/26/2025,"Tri-State Brick &Tile Co., Inc.",327121,1.0,1.0,0.0," Amputations, avulsions, enucleations  unspecified", Other finger(s)  n.e.c.," Struck by running powered equipment  during maintenance, cleaning, testing", Filtering and sequestration machinery,"Maintenance personnel were working to replace fan belts on a scrubber fan. The belts and fan pulley were rotating due to residual airflow and heat drafting through the ductwork. A 2x4 block was inserted between the fan pulley and the frame to stop the rotating components, then a pipe wrench was positioned on the shaft to prevent further movement. The employees were loosening the motor mounts when the pipe wrench slipped off the shaft, allowing the fan pulley to begin rotating again. The injured employee went to reposition the pipe wrench. The wrench contacted the shaft and the employee's right hand was caught between the wrench and the metal guard structure, resulting in amputations to the ring finger and little finger.","Maintenance personnel were working to replace fan belts on a scrubber fan. The belts and fan pulley were rotating due to residual airflow and heat drafting through the ductwork. A 2x4 block was inserted between the fan pulley and the frame to stop the rotating components, then a pipe wrench was positioned on the shaft to prevent further movement. The employees were loosening the motor mounts when the pipe wrench slipped off the shaft, allowing the fan pulley to begin rotating again. The injured employee went to reposition the pipe wrench. The wrench contacted the shaft and the employee's right hand was caught between the wrench and the metal guard structure, resulting in amputations to the ring finger and little finger.",1.0,maintenance_repair,rotating_equipment,unknown_stored_energy,Line of Fire
hot_work,2015020564,2/20/2015,"Dean Dairy Holdings, LLC",311511,0.0,1.0,0.0,Amputations,"Finger(s), fingernail(s), n.e.c.",Caught in running equipment or machinery during regular operation,"Grinders, abraders","On February 20, 2015, at approximately 6:30 a.m., a maintenance employee was using a 12-inch pedestal grinder to grind spurs off a small piece of metal he was holding in his hand at a 45-degree angle. The end of the piece of metal got caught between the grinding wheel and the work rest, causing the piece part to become lodged in a fixed vertical position against the grinding wheel and catching the employee's left thumb between the piece part and the grinding wheel.  The employee was treated in the emergency room immediately following the accident with a fractured and lacerated thumb. Upon subsequent referral to a hand surgeon, the diagnosis was expanded to include partial amputation of the thumb.","On February 20, 2015, at approximately 6:30 a.m., a maintenance employee was using a 12-inch pedestal grinder to grind spurs off a small piece of metal he was holding in his hand at a 45-degree angle. The end of the piece of metal got caught between the grinding wheel and the work rest, causing the piece part to become lodged in a fixed vertical position against the grinding wheel and catching the employee's left thumb between the piece part and the grinding wheel. The employee was treated in the emergency room immediately following the accident with a fractured and lacerated thumb. Upon subsequent referral to a hand surgeon, the diagnosis was expanded to include partial amputation of the thumb.",0.0,manual_tools,hand_tool,none,none
hot_work,20171111183,11/22/2017,Huntington Ingalls Industries,336611,1.0,0.0,0.0,"Soreness, pain, hurt-nonspecified injury",Multiple head locations,Struck by falling part of powered vehicle still attached,"Water vehicle, n.e.c","An employee was welding in a submarine s sail area. The lookout area of the sail has two large hatch doors with mechanisms on both sides that can latch and lock onto the top when closed. The hatch doors are also usually spring-loaded to prevent them from falling abruptly. Neither door has the latches installed, and the starboard door s spring was not installed to the foundation. The starboard door was raised to the closed position, with the employee working underneath. At approximately 9:20 AM, the employee completed his weld and called his supervisor over for inspection. When his supervisor began to step down into the work area from the port side, the starboard hatch door fell, striking the employee in the head and face and pinning his head between the ship s foundation and the door itself. He suffered blunt force trauma to his head and face, requiring hospitalization.","An employee was welding in a submarine s sail area. The lookout area of the sail has two large hatch doors with mechanisms on both sides that can latch and lock onto the top when closed. The hatch doors are also usually spring-loaded to prevent them from falling abruptly. Neither door has the latches installed, and the starboard door s spring was not installed to the foundation. The starboard door was raised to the closed position, with the employee working underneath. At approximately 9:20 AM, the employee completed his weld and called his supervisor over for inspection. When his supervisor began to step down into the work area from the port side, the starboard hatch door fell, striking the employee in the head and face and pinning his head between the ship s foundation and the door itself. He suffered blunt force trauma to his head and face, requiring hospitalization.",1.0,hot_work,machinery,barrier_bypassed,Bypassing Safety Controls
hot_work,20201110986,11/19/2020,"Edsal Manufacturing Company, Inc.",337124,1.0,0.0,0.0,Fractures (except skull fractures) and concussions ,"Multiple body parts, unspecified",Caught between rolling powered vehicle and other object,"Forklift, order picker, platform truck-powered","On November 19, 2020, a maintenance employee was assisting other employees to move equipment from one company location to another. The employees loaded several pieces of fencing/guardrails and a welding machine onto the forks of a forklift. The employees then backed the welder into the trailer and drove several blocks away. Upon reaching the facility, the employees parked the trailer at a dock that had an approximate 15 degree incline. The injured employee went into the trailer to retrieve the equipment and found the fencing had shifted between the welder and the forklift. As the employee attempted to remove the fencing, the forklift began rolling forward striking and pinning the employee between the welder frame and the forklift. The employee sustained fractures and a concussion from the impact of the forklift and was hospitalized.","On November 19, 2020, a maintenance employee was assisting other employees to move equipment from one company location to another. The employees loaded several pieces of fencing/guardrails and a welding machine onto the forks of a forklift. The employees then backed the welder into the trailer and drove several blocks away. Upon reaching the facility, the employees parked the trailer at a dock that had an approximate 15 degree incline. The injured employee went into the trailer to retrieve the equipment and found the fencing had shifted between the welder and the forklift. As the employee attempted to remove the fencing, the forklift began rolling forward striking and pinning the employee between the welder frame and the forklift. The employee sustained fractures and a concussion from the impact of the forklift and was hospitalized.",1.0,material_handling,vehicle,none,Line of Fire
hot_work,2023087792,8/24/2023,CATBRIDGE MACHINERY L.L.C.,333244,1.0,0.0,0.0,Fractures,"Leg(s), unspecified","Struck by falling object or equipment, n.e.c.","Structural metal materials, n.e.c.","An employee and an assistant were disassembling two weldments that were approximately 6-feet tall, 3-feet wide, and 550 pounds. The weldments were held together by a connecting beam and tie bar. The first weldment was top strapped with an overhead crane to support the assembly and the second weldment was left free-standing. The employee removed the connecting beam and turned to walk away. One of the weldments tipped over onto the employee, causing them to fall to the ground and become pinned beneath the weldment. The employee sustained a compound fracture of the left leg and bruising to their torso and arm.","An employee and an assistant were disassembling two weldments that were approximately 6-feet tall, 3-feet wide, and 550 pounds. The weldments were held together by a connecting beam and tie bar. The first weldment was top strapped with an overhead crane to support the assembly and the second weldment was left free-standing. The employee removed the connecting beam and turned to walk away. One of the weldments tipped over onto the employee, causing them to fall to the ground and become pinned beneath the weldment. The employee sustained a compound fracture of the left leg and bruising to their torso and arm.",1.0,maintenance_repair,machinery,none,Line of Fire
hot_work,2025099668,9/26/2025,Suit Kote Corporation,237310,1.0,0.0,0.0, Fractures   ," Toes(s), toenail(s)", Pedestrian struck by vehicle or object propelled by another vehicle in nonroadway area, Vehicle  unspecified,"The injured employee was watching a crew remove the front drum door from underneath an asphalt grinding/milling machine. He was standing approximately 10 feet away. A chain was being used to drag the door out from under the grinder. As the door (weighing approximately 2,500 pounds) was being pulled out, one side came in contact with the grinder's tracked wheel. The continued force on the door caused it to suddenly pivot around the track foot and strike the injured employee's right foot. This knocked him to the ground and flattened his right boot for an instant, but did not pin him there. The first four toes on his right foot were fractured.","The injured employee was watching a crew remove the front drum door from underneath an asphalt grinding/milling machine. He was standing approximately 10 feet away. A chain was being used to drag the door out from under the grinder. As the door (weighing approximately 2,500 pounds) was being pulled out, one side came in contact with the grinder's tracked wheel. The continued force on the door caused it to suddenly pivot around the track foot and strike the injured employee's right foot. This knocked him to the ground and flattened his right boot for an instant, but did not pin him there. The first four toes on his right foot were fractured.",1.0,material_handling,machinery,none,Line of Fire
excavation,2015063371,6/3/2015,"AR Daniel Construction, Inc.",237110,1.0,0.0,0.0,Fractures,Multiple face locations,"Struck by dislodged flying object, particle",Angle irons,"On or about 3 June 2015, at approximately 1825 hours, an AR Daniel Construction employee was hospitalized due to an injury acquired at the jobsite. The employee was working in a trench under the railroad tracks located at Grand and 3rd street in Amarillo, Texas, when he was struck in the face by a piece of angle iron that was being used to hoist the pipeline that he was working near. The angle iron was inside the pipe, and a line was tied to the angle iron to hoist the pipe up enough for the employee to remove wood planking from underneath it. The angle iron became dislodged and struck him, causing multiple facial fractures and lacerations.","On or about 3 June 2015, at approximately 1825 hours, an AR Daniel Construction employee was hospitalized due to an injury acquired at the jobsite. The employee was working in a trench under the railroad tracks located at Grand and 3rd street in Amarillo, Texas, when he was struck in the face by a piece of angle iron that was being used to hoist the pipeline that he was working near. The angle iron was inside the pipe, and a line was tied to the angle iron to hoist the pipe up enough for the employee to remove wood planking from underneath it. The angle iron became dislodged and struck him, causing multiple facial fractures and lacerations.",1.0,lifting,pipeline,none,Line of Fire
excavation,2017109692,10/9/2017,"HENKELS & MC COY, INC.",237120,1.0,0.0,0.0,Concussions,Brain,"Struck by dislodged flying object, particle","Tools, instruments, and equipment, n.e.c.","On October 9, 2017, at approximately 10:00 a.m., a traveling crew was working on a new natural gas pipeline installation. The crew was forcefully inserting a plunger (under mechanical pressure from an excavator) into the pipeline for standard pipe cleaning when its apparatus became disconnected from the excavator and flew out, striking the injured employee in the head/face. He lost consciousness and suffered a concussion, multiple contusions, multiple abrasions, and fractures to the nose and nasal cavity. He was hospitalized.","On October 9, 2017, at approximately 10:00 a.m., a traveling crew was working on a new natural gas pipeline installation. The crew was forcefully inserting a plunger (under mechanical pressure from an excavator) into the pipeline for standard pipe cleaning when its apparatus became disconnected from the excavator and flew out, striking the injured employee in the head/face. He lost consciousness and suffered a concussion, multiple contusions, multiple abrasions, and fractures to the nose and nasal cavity. He was hospitalized.",1.0,maintenance_repair,pipeline,unknown_stored_energy,Line of Fire
excavation,2020098574,9/9/2020,NPL Construction Company,237120,1.0,1.0,0.0,Amputations,Fingertip(s),Caught in running equipment or machinery during regular operation,"Compactors, crushers, pulverizers-earth, mineral","On September 9, 2020, an employee was attempting to start a vibrating tamper in order to continue compacting backfill material in a completed excavation. The employee pulled the starter cord multiple times. After the pull which started the engine, the pull cord of the vibrating tamper did not recoil correctly. The employee gathered the excess cord in his left hand in order to prevent an additional slip, trip, or fall hazard. When he engaged the throttle of the machine with his right hand, the pull cord retracted, wrapped around the employee s left thumb, and caused a partial amputation of the thumb tip.","On September 9, 2020, an employee was attempting to start a vibrating tamper in order to continue compacting backfill material in a completed excavation. The employee pulled the starter cord multiple times. After the pull which started the engine, the pull cord of the vibrating tamper did not recoil correctly. The employee gathered the excess cord in his left hand in order to prevent an additional slip, trip, or fall hazard. When he engaged the throttle of the machine with his right hand, the pull cord retracted, wrapped around the employee s left thumb, and caused a partial amputation of the thumb tip.",0.0,maintenance_repair,machinery,none,Line of Fire
excavation,2023032772,3/28/2023,Newt Marine Services,237990,1.0,0.0,0.0,Fractures,"Jaw, chin",Machinery or equipment incident on water vehicle,Barge,"A crew was preparing to replace a sheave on a spud on a platform barge. The spud was hoisted up with an excavator using a chain rigging so that the sheave could be changed. The injured employee was pulling the cable from the spud hoist drum to provide enough slack in the cable line. When additional cable was released from the hoist drum,  the chain rigging around the spud slipped, causing the spud to fall suddenly. The hoist cable quickly tightened and the cable raised off the deck of the barge. The injured employee was then struck by the one-inch, steel cable, resulting in a lower jaw bone fracture.","A crew was preparing to replace a sheave on a spud on a platform barge. The spud was hoisted up with an excavator using a chain rigging so that the sheave could be changed. The injured employee was pulling the cable from the spud hoist drum to provide enough slack in the cable line. When additional cable was released from the hoist drum, the chain rigging around the spud slipped, causing the spud to fall suddenly. The hoist cable quickly tightened and the cable raised off the deck of the barge. The injured employee was then struck by the one-inch, steel cable, resulting in a lower jaw bone fracture.",1.0,lifting,crane_lifting_equipment,none,Safe Mechanical Lifting
excavation,2025032986,3/31/2025,East Ohio Gas Company,221210,1.0,0.0,0.0, Fractures   , Lower leg(s)," Struck by rolling, sliding, or shifting objects non-running"," Pipes, tubes  metal","An employee was performing a pipe count while a pipeline contractor was unloading steel pipe at a staging yard. The contractor was preparing to set a pipe segment (12  diameter) on the top row of a pyramid-shaped stack using an excavator. The contractor was making his final adjustments before setting the pipe when the injured employee (Enbridge Inspector) went to get label information from one of the pipes in the stack. The pipe stack shifted as the contractor began to position the pipe, and the bottom piece (42 feet long and 2,083 pounds) rolled onto the injured employee s lower left leg, trapping the employee underneath it. The employee was hospitalized with a compound fracture of his tibia and fibula and he required surgery.","An employee was performing a pipe count while a pipeline contractor was unloading steel pipe at a staging yard. The contractor was preparing to set a pipe segment (12 diameter) on the top row of a pyramid-shaped stack using an excavator. The contractor was making his final adjustments before setting the pipe when the injured employee (Enbridge Inspector) went to get label information from one of the pipes in the stack. The pipe stack shifted as the contractor began to position the pipe, and the bottom piece (42 feet long and 2,083 pounds) rolled onto the injured employee s lower left leg, trapping the employee underneath it. The employee was hospitalized with a compound fracture of his tibia and fibula and he required surgery.",1.0,lifting,pipeline,none,Safe Mechanical Lifting
vehicle_driving,2015075035,7/24/2015,KOYO BEARINGS USA LLC,332991,1.0,1.0,0.0,Amputations,"Toes(s), toenail(s)",Part of occupant s body caught between vehicle and other object in nonroadway transport incident,"Industrial vehicle, material hauling and transport-powered, unspecified","An employee was positioning the lift truck to pick up a tub of parts. He backed into parts tubs behind him and made a rapid forward correction. The quick movement threw him off balance and he fell back. He attempted to steady himself by shifting his left foot, which placed the toe of his foot outside the body of the lift truck. His momentum caused him to pull back on the controls, reversing the lift and causing his left foot to get caught between the lift truck and a tub.  The force crushed the steel toe cap of his safety shoe. He sustained bone and tissue damage to the first four toes of his left foot.","An employee was positioning the lift truck to pick up a tub of parts. He backed into parts tubs behind him and made a rapid forward correction. The quick movement threw him off balance and he fell back. He attempted to steady himself by shifting his left foot, which placed the toe of his foot outside the body of the lift truck. His momentum caused him to pull back on the controls, reversing the lift and causing his left foot to get caught between the lift truck and a tub. The force crushed the steel toe cap of his safety shoe. He sustained bone and tissue damage to the first four toes of his left foot.",0.0,driving,vehicle,none,Driving
vehicle_driving,2017021680,2/21/2017,Domain Builders LLC,236116,1.0,0.0,0.0,"Avulsions, enucleations",Ear(s),Struck by object falling from vehicle or machinery-other than vehicle part,"Wire, cables-nonelectrical","An employee was sweeping the area in front of a work site when a flatbed truck containing post tension cables arrived. The truck pulled in through a gate and stopped to begin off-loading the post tension cables. The forklift operator unlatched the post tension cables and then noticed that the truck had stopped near a mound of dirt which the operator could not access with the forklift. When the truck moved forward, a post tension cable shifted and fell off the truck striking the employee who was sweeping in the face causing multiple lacerations and severing the top part of his left ear.","An employee was sweeping the area in front of a work site when a flatbed truck containing post tension cables arrived. The truck pulled in through a gate and stopped to begin off-loading the post tension cables. The forklift operator unlatched the post tension cables and then noticed that the truck had stopped near a mound of dirt which the operator could not access with the forklift. When the truck moved forward, a post tension cable shifted and fell off the truck striking the employee who was sweeping in the face causing multiple lacerations and severing the top part of his left ear.",1.0,material_handling,vehicle,none,Line of Fire
vehicle_driving,2020010105,1/6/2020,LENDLEASE (US) CONSTRUCTION LMB INC.,236220,1.0,0.0,0.0,Fractures,Ankle(s),Struck by object falling from vehicle or machinery-other than vehicle part,Beams-unattached metal,"On, January 6, 2020, an employee was unloading a steel delivery of 15' 9'' long ""I"" beams. After the steel was taken off the truck by a forklift, it was set down on two A-frames and rolled to a storage location by two employees. There was one employee on each A-frame. The steel on the A-frames was on uneven ground near a curb and sewer drain while the employees waited for help to remove it from the A-frames and place it on the ground. While waiting, one employee walked in between the A-frame and sewer grate, which is slightly pitched for drainage, placing one foot on the curb and the other on the grating with his back to the steel beam. The A-frame slowly started moving down toward the grating. Once the front wheel of the A-frame hit the grating, it tipped over, causing the steel beam to roll toward the ground and land on the employee's leg, knocking him to the ground. He suffered a broken ankle and was hospitalized.","On, January 6, 2020, an employee was unloading a steel delivery of 15' 9'' long ""I"" beams. After the steel was taken off the truck by a forklift, it was set down on two A-frames and rolled to a storage location by two employees. There was one employee on each A-frame. The steel on the A-frames was on uneven ground near a curb and sewer drain while the employees waited for help to remove it from the A-frames and place it on the ground. While waiting, one employee walked in between the A-frame and sewer grate, which is slightly pitched for drainage, placing one foot on the curb and the other on the grating with his back to the steel beam. The A-frame slowly started moving down toward the grating. Once the front wheel of the A-frame hit the grating, it tipped over, causing the steel beam to roll toward the ground and land on the employee's leg, knocking him to the ground. He suffered a broken ankle and was hospitalized.",1.0,lifting,crane_lifting_equipment,none,Safe Mechanical Lifting
vehicle_driving,2023098416,9/12/2023,Byrne DeWitt LLC,311511,1.0,1.0,0.0,Amputations,"Leg(s), unspecified",Pedestrian struck by forward-moving vehicle in nonroadway area,"Semi, tractor-trailer, tanker truck","An employee parked his semi-tractor under a trailer at dock door #9. He exited the truck and entered the cooler building to confirm that the trailer door was closed and ready for him to drive away with a full load. He opened dock door #10 and saw the truck staged there begin to pull away from the dock. He thought this was his truck rolling away unattended, so he ran outside, caught up with the truck, and attempted to grab the door handle just as the truck turned right. He fell to the ground and was run over by the truck. The employee sustained severe injury to his left leg, with multiple broken bones, and muscle and tissue damage. He also suffered a break to his right arm, and an amputation to his left leg.","An employee parked his semi-tractor under a trailer at dock door #9. He exited the truck and entered the cooler building to confirm that the trailer door was closed and ready for him to drive away with a full load. He opened dock door #10 and saw the truck staged there begin to pull away from the dock. He thought this was his truck rolling away unattended, so he ran outside, caught up with the truck, and attempted to grab the door handle just as the truck turned right. He fell to the ground and was run over by the truck. The employee sustained severe injury to his left leg, with multiple broken bones, and muscle and tissue damage. He also suffered a break to his right arm, and an amputation to his left leg.",1.0,driving,vehicle,none,Driving
vehicle_driving,2025088318,8/20/2025,Eastern Colorado Services,623210,1.0,0.0,0.0, Fractures   ," Rib(s), oblique area", Pedestrian struck by vehicle or object propelled by another vehicle in nonroadway area, Pickup truck,"The injured employee was assisting with removing a metal pole used for a basketball hoop. Employees had cut down the pole to almost ground level. They put a tow rope around the remaining pole and hooked it to the hitch of a pickup truck to pull it out of the ground. The injured employee was standing by the pole to guide the rope. When the pole came out of the ground, it swung up and struck the injured employee on the left side above his waist and the right side of his head. He was knocked to the ground and his left calf was scraped. The injured employee was hospitalized with a fractured rib and lacerations. He required surgery.","The injured employee was assisting with removing a metal pole used for a basketball hoop. Employees had cut down the pole to almost ground level. They put a tow rope around the remaining pole and hooked it to the hitch of a pickup truck to pull it out of the ground. The injured employee was standing by the pole to guide the rope. When the pole came out of the ground, it swung up and struck the injured employee on the left side above his waist and the right side of his head. He was knocked to the ground and his left calf was scraped. The injured employee was hospitalized with a fractured rib and lacerations. He required surgery.",1.0,material_handling,vehicle,none,Line of Fire
confined_space,2015010924,1/29/2015,"Ground Force Worldwide, LLC (Underground)",333131,1.0,0.0,0.0,"Poisoning, toxic, noxious, or allergenic effect, unspecified",BODY SYSTEMS,"Exposure to harmful substances or environments, unspecified",Paint,"Employee was painting the interior space on a 6000-gallon water tank. He was wearing a fresh air respirator; the compressor was outside with a line that ran into the confined space through an access point on top. The tank attendant didn't get a response so 911 was called and entry was restricted until the air was confirmed clear.  By the time the all clear was issued, firefighters arrived and performed rescue operations. The employee was taken to Kootenai Medical Center. He had a pulse and was breathing on his own, but was still unresponsive. His PPE included a  Survivair Respirator with compressor, full enviro air suit, Tychem SL chemical suit, another paint suit underneath, and a Bullard hose system.","Employee was painting the interior space on a 6000-gallon water tank. He was wearing a fresh air respirator; the compressor was outside with a line that ran into the confined space through an access point on top. The tank attendant didn't get a response so 911 was called and entry was restricted until the air was confirmed clear. By the time the all clear was issued, firefighters arrived and performed rescue operations. The employee was taken to Kootenai Medical Center. He had a pulse and was breathing on his own, but was still unresponsive. His PPE included a Survivair Respirator with compressor, full enviro air suit, Tychem SL chemical suit, another paint suit underneath, and a Bullard hose system.",1.0,confined_space,tank,none,Confined Space
confined_space,2017065671,6/21/2017,Inteplast Group,326111,0.0,2.0,0.0,Amputations,Fingertip(s),"Caught in running equipment or machinery during maintenance, cleaning ","Metal, woodworking, and special material machinery, n.e.c.","An employee went to check a time-out on a blender tank that was jammed. He was trying to clear the jam when the blender's slide gate closed on and amputated his left ring, middle, and pointer fingertips. The blender cover was removed at the time of the incident.

An employee was collecting plastic sheets from a table and got his finger caught on the green band on the table roller resulting in amputation of the right pinky finger.

Note to user: This record contains two separate events that were reported simultaneously to OSHA by the employer. These events are captured as one report.","An employee went to check a time-out on a blender tank that was jammed. He was trying to clear the jam when the blender's slide gate closed on and amputated his left ring, middle, and pointer fingertips. The blender cover was removed at the time of the incident. An employee was collecting plastic sheets from a table and got his finger caught on the green band on the table roller resulting in amputation of the right pinky finger. Note to user: This record contains two separate events that were reported simultaneously to OSHA by the employer. These events are captured as one report.",1.0,maintenance_repair,machinery,none,Line of Fire
confined_space,2020098977,9/22/2020,Illini Environmental Inc,541711,1.0,0.0,0.0,Fractures,"Back, including spine, spinal cord, unspecified",Other fall to lower level 11 to 15 feet ,"Semi, tractor-trailer, tanker truck","A truck driver was attempting to drain waste milk from a tanker into a designated disposal area. The liquid in the tanker would not drain and the driver contacted the injured employee for assistance. The injured employee drove to the disposal site to investigate. The disposal site (owned & operated by a separate employer) provided a PVC pipe with a scoop at the end of it for the injured employee to take a sample of the liquid in the tanker to determine why the liquid would not drain. The injured employee climbed to the top of the tanker. During the maneuvering of the PVC pipe into the liquid, the handle of the pipe contacted an overhead electrical line and the injured employee received an electric shock. The employee then fell approximately 15 feet to the ground. The employee suffered a broken back resulting in paralysis and hospitalization.","A truck driver was attempting to drain waste milk from a tanker into a designated disposal area. The liquid in the tanker would not drain and the driver contacted the injured employee for assistance. The injured employee drove to the disposal site to investigate. The disposal site (owned & operated by a separate employer) provided a PVC pipe with a scoop at the end of it for the injured employee to take a sample of the liquid in the tanker to determine why the liquid would not drain. The injured employee climbed to the top of the tanker. During the maneuvering of the PVC pipe into the liquid, the handle of the pipe contacted an overhead electrical line and the injured employee received an electric shock. The employee then fell approximately 15 feet to the ground. The employee suffered a broken back resulting in paralysis and hospitalization.",1.0,working_at_height,vehicle,none,Work at Height
confined_space,2023032449,3/17/2023,"Crowley Liner Services, Inc.",488320,1.0,0.0,0.0,Fractures,Pelvis,Other fall to lower level less than 6 feet,"Cranes-gantry, overhead, monorail, container","On March 17, 2023, an employee was driving a truck that was hauling a bomb cart containing a 20-foot tank to be loaded onto a cargo ship. The employee positioned the bomb cart under a gantry crane which then hooked onto the tank and lifted it up about 3 feet. The tank's corner section snagged the bomb cart, which lifted the truck with the employee inside its cab. As the crane was lowering the tank, the corner of the tank dislodged from the bomb cart. The cart and the truck dropped back to the ground and the employee's head hit a metal part of the cab . The employee sustained a laceration to the back of the head and a fracture to the pelvis that required hospitalization.","On March 17, 2023, an employee was driving a truck that was hauling a bomb cart containing a 20-foot tank to be loaded onto a cargo ship. The employee positioned the bomb cart under a gantry crane which then hooked onto the tank and lifted it up about 3 feet. The tank's corner section snagged the bomb cart, which lifted the truck with the employee inside its cab. As the crane was lowering the tank, the corner of the tank dislodged from the bomb cart. The cart and the truck dropped back to the ground and the employee's head hit a metal part of the cab . The employee sustained a laceration to the back of the head and a fracture to the pelvis that required hospitalization.",1.0,lifting,crane_lifting_equipment,none,Safe Mechanical Lifting
confined_space,2025021470,2/14/2025,"Raceland Raw Sugar, LLC",311314,1.0,0.0,0.0, Fractures   , Multiple leg locations  n.e.c., Other contact with non-running objects or equipment  n.e.c.," Bucket, front-end, and pay loaders","The injured employee and a co-worker were moving a tank car loaded with molasses from the loading station to the designated side of the facility using a wheel loader to pull the rail car. The employees reached an incline and applied the handbrake. While they repositioned the wheel loader to push the rail car the remaining distance to their destination, the rail car started to move backward. The injured employee climbed onto the rear platform of the car to tighten the brake, but the rail car collided with the loader bucket and the employee suffered fractures to their right femur and tibia.","The injured employee and a co-worker were moving a tank car loaded with molasses from the loading station to the designated side of the facility using a wheel loader to pull the rail car. The employees reached an incline and applied the handbrake. While they repositioned the wheel loader to push the rail car the remaining distance to their destination, the rail car started to move backward. The injured employee climbed onto the rear platform of the car to tighten the brake, but the rail car collided with the loader bucket and the employee suffered fractures to their right femur and tibia.",1.0,material_handling,vehicle,none,Line of Fire
chemical,2015052849,5/13/2015,ARBAUGH LLC,325320,1.0,1.0,0.0,Amputations,"Finger(s), fingernail(s), n.e.c.","Caught in running equipment or machinery during maintenance, cleaning ","Bottling, canning, filling machinery","At approximately 1:00 p.m., on 05/13/15, an employee was preparing to perform cleanout operations to change chemical products on a production line. The employee, who was by herself at the time, got stuck and pulled into an energized Horix Filling Machine. Coworkers arrived after hearing her scream, pressed the stop button on the Horix Filling Machine to shut it down, and used a tool to manually back up the machine belt. The employee was extracted from the machine by her coworkers. She suffered multiple injuries to her right arm and hand, including a 6"" laceration (to the bone) on her forearm, a severe laceration to her upper arm, a fracture or break of her wrist or forearm, and a possible right thumb amputation. She was hospitalized.","At approximately 1:00 p.m., on 05/13/15, an employee was preparing to perform cleanout operations to change chemical products on a production line. The employee, who was by herself at the time, got stuck and pulled into an energized Horix Filling Machine. Coworkers arrived after hearing her scream, pressed the stop button on the Horix Filling Machine to shut it down, and used a tool to manually back up the machine belt. The employee was extracted from the machine by her coworkers. She suffered multiple injuries to her right arm and hand, including a 6"" laceration (to the bone) on her forearm, a severe laceration to her upper arm, a fracture or break of her wrist or forearm, and a possible right thumb amputation. She was hospitalized.",1.0,maintenance_repair,machinery,no_isolation,Energy Isolation
chemical,2017010057,1/4/2017,Mercy Health,622110,1.0,0.0,0.0,"Other respiratory system symptoms-toxic, noxious, or allergenic effect",BODY SYSTEMS,Inhalation of harmful substance-single episode,"Acids, n.e.c.","An employee was processing scopes in endoscopy. The cycle on the Steris machine finished and all safety checks and indicators completed and passed. The employee opened the lid to remove the scope and noticed some fumes (peracetic acid) coming from the machine. The employee had a burning sensation in the throat and lungs. Other employees assisted the employee out of the room into fresh air. The employee took a break and returned to work, but was having difficulty breathing. She was admitted to the hospital for treatment.","An employee was processing scopes in endoscopy. The cycle on the Steris machine finished and all safety checks and indicators completed and passed. The employee opened the lid to remove the scope and noticed some fumes (peracetic acid) coming from the machine. The employee had a burning sensation in the throat and lungs. Other employees assisted the employee out of the room into fresh air. The employee took a break and returned to work, but was having difficulty breathing. She was admitted to the hospital for treatment.",0.0,chemical_handling,chemical,none,none
chemical,2020066113,6/30/2020,"Reddi Services, Inc",238220,1.0,0.0,0.0,Third or fourth degree chemical burns and corrosions,Ankle(s),"Exposure through intact skin, eyes, or other exposed tissue",Lime,"An employee was removing lime from an outdoor pit by manipulating a 6"" diameter hose from a vacuum truck. The pit was estimated to be approximately 8' to 10' x 4' x 7' deep. The employee was wearing a protective garment, goggles, and a cartridge respirator. The employee sustained second degree chemical burns from the lime to the neck, abdomen, both upper both arms, both thighs, and both ankles, as well as third degree burns on one ankle.","An employee was removing lime from an outdoor pit by manipulating a 6"" diameter hose from a vacuum truck. The pit was estimated to be approximately 8' to 10' x 4' x 7' deep. The employee was wearing a protective garment, goggles, and a cartridge respirator. The employee sustained second degree chemical burns from the lime to the neck, abdomen, both upper both arms, both thighs, and both ankles, as well as third degree burns on one ankle.",0.0,chemical_handling,chemical,none,none
chemical,2023021172,2/6/2023,Florida Pacific Farms LLC,111334,1.0,0.0,0.0,"Chemical burns and corrosions, unspecified","Multiple body parts, n.e.c.","Exposure through intact skin, eyes, or other exposed tissue","Fertilizers, plant food, n.e.c.","An employee connected a hose to the valve connector on a mini-tote. As the employee was turning the handle of the valve to allow potassium thiosulfate fertilizer to flow through the hose, the connection burst from a suspected chemical reaction between the fertilizer and an unknown substance. The valve broke into pieces and the fertilizer spilled, causing chemical burns to the employee's eyes and right wrist. The employee also sustained a displaced fracture to a finger.","An employee connected a hose to the valve connector on a mini-tote. As the employee was turning the handle of the valve to allow potassium thiosulfate fertilizer to flow through the hose, the connection burst from a suspected chemical reaction between the fertilizer and an unknown substance. The valve broke into pieces and the fertilizer spilled, causing chemical burns to the employee's eyes and right wrist. The employee also sustained a displaced fracture to a finger.",0.0,chemical_handling,chemical,none,none
chemical,2025043495,4/15/2025,"Mass. Eye and Ear, Inc.",541715,1.0,0.0,0.0," Chemical burns, corrosions  degree unspecified"," Other multiple ear(s), facial locations", Exposure through intact tissue, Multiple chemicals and hazardous materials,"An employee was working in a research lab with a waste bottle containing 5% thiosulfate and trace amounts of other chemicals including silver nitrate, ammonium nitrate, and residual chemicals from earlier protocol steps. The bottle burst open from the bottom and its contents spilled out through the fume hood and via the partially open stash into the lab. The employee was standing right in front of the fume hood when this occurred, exposing her face, eyes, and neck to the spill. The employee was hospitalized due to chemical burns to her eyes, lips and tongue and to monitor her airway.","An employee was working in a research lab with a waste bottle containing 5% thiosulfate and trace amounts of other chemicals including silver nitrate, ammonium nitrate, and residual chemicals from earlier protocol steps. The bottle burst open from the bottom and its contents spilled out through the fume hood and via the partially open stash into the lab. The employee was standing right in front of the fume hood when this occurred, exposing her face, eyes, and neck to the spill. The employee was hospitalized due to chemical burns to her eyes, lips and tongue and to monitor her airway.",0.0,chemical_handling,chemical,none,none
machinery_maintenance,2015085991,8/21/2015,Jamestown Container Corporation   ,322211,0.0,1.0,0.0,Amputations,"Finger(s), fingernail(s), n.e.c.","Caught in running equipment or machinery during maintenance, cleaning ","Paper production machinery, unspecified","An employee pulled Printing Section # 1 out of the Martin Machine and opened the interlocked cover on the ink rollers. He then took a pair of vise-grips, depressed the jog button, and clamped the button to the housing in the depressed position causing the rollers to rotate slowly. The employee then used a hose to spray water on the partially submerged  ink rollers to clean them. The inside of the container in which the rollers were partially submerged was painted black. The color of the ink was also black. The employee reached his  right hand into the liquid to see if it was clear, and his hand was pulled into the nip points of the rollers resulting in the amputation of the middle and ring fingers and one half of the index finger on his right hand.","An employee pulled Printing Section # 1 out of the Martin Machine and opened the interlocked cover on the ink rollers. He then took a pair of vise-grips, depressed the jog button, and clamped the button to the housing in the depressed position causing the rollers to rotate slowly. The employee then used a hose to spray water on the partially submerged ink rollers to clean them. The inside of the container in which the rollers were partially submerged was painted black. The color of the ink was also black. The employee reached his right hand into the liquid to see if it was clear, and his hand was pulled into the nip points of the rollers resulting in the amputation of the middle and ring fingers and one half of the index finger on his right hand.",1.0,maintenance_repair,machinery,barrier_bypassed,Bypassing Safety Controls
machinery_maintenance,20170712291,7/31/2017,"Railroad Engineering Services, LLC",482112,0.0,1.0,0.0,Amputations,"Finger(s), fingernail(s), unspecified","Caught in running equipment or machinery during maintenance, cleaning ","Rail-mounted construction, cleaning, maintenance machine","On 7/31/2017, an employee was trying to repair a spiker machine. The employee was working under the machine and could not reach a broken screw. Another employee got in the machine and made an adjustment to the anvil so that the other employee could reach the screw. After the adjustment was made, the employee accidentally pumped the controls for the anvil again, causing it to cycle and pin the other employee's right hand to the track. The anvil then hammered approximately 3 to 5 times, crushing the employee's right index finger and requiring surgical amputation. The machine was not locked/tagged out at the time.","On 7/31/2017, an employee was trying to repair a spiker machine. The employee was working under the machine and could not reach a broken screw. Another employee got in the machine and made an adjustment to the anvil so that the other employee could reach the screw. After the adjustment was made, the employee accidentally pumped the controls for the anvil again, causing it to cycle and pin the other employee's right hand to the track. The anvil then hammered approximately 3 to 5 times, crushing the employee's right index finger and requiring surgical amputation. The machine was not locked/tagged out at the time.",1.0,maintenance_repair,machinery,no_isolation,Energy Isolation
machinery_maintenance,2020021324,2/10/2020,Vibracoustic USA Inc,339991,1.0,0.0,0.0,Concussions,Brain,"Caught in running equipment or machinery during maintenance, cleaning ","Presses, except printing, unspecified","Employees were working on a press machine that had a mold that was leaking rubber. The employees proceeded towards the control panel to manually lower the mold. The injured employee entered the machine between the front knock-out slides, with a flashlight and approached the mold. Upon starting the inspection of the donut, the employee heard a suction sound. The employee was startled as the top plate came down and he quickly turned his head down and away from the front side of the machine. The employee struck his forehead on the left side rails and then fell backwards and struck the backside of his head on the opposite rail. The employee received staples to the back of the head and stitches to an eye and was hospitalized for a concussion.","Employees were working on a press machine that had a mold that was leaking rubber. The employees proceeded towards the control panel to manually lower the mold. The injured employee entered the machine between the front knock-out slides, with a flashlight and approached the mold. Upon starting the inspection of the donut, the employee heard a suction sound. The employee was startled as the top plate came down and he quickly turned his head down and away from the front side of the machine. The employee struck his forehead on the left side rails and then fell backwards and struck the backside of his head on the opposite rail. The employee received staples to the back of the head and stitches to an eye and was hospitalized for a concussion.",1.0,maintenance_repair,machinery,no_isolation,Energy Isolation
machinery_maintenance,2023075926,7/5/2023,Smurfit Kappa San Antonio,561910,0.0,1.0,0.0,Amputations,"Finger(s), fingernail(s), n.e.c.","Caught in running equipment or machinery during maintenance, cleaning ","Machinery, unspecified","An employee was rotating blankets in the die cut section while a maintenance employee started working on another section of the machine. The employee informed maintenance that an air actuation brake was not working and they came to assess the issue. Maintenance employees pressed the brake switch but it did not engage. As the employees were troubleshooting, the injured employee walked to the drive side of that section and pointed to the piston that was not engaging. The piston brake engaged unexpectedly onto the injured employee's hand, amputating the first digit of his left index finger.","An employee was rotating blankets in the die cut section while a maintenance employee started working on another section of the machine. The employee informed maintenance that an air actuation brake was not working and they came to assess the issue. Maintenance employees pressed the brake switch but it did not engage. As the employees were troubleshooting, the injured employee walked to the drive side of that section and pointed to the piston that was not engaging. The piston brake engaged unexpectedly onto the injured employee's hand, amputating the first digit of his left index finger.",1.0,maintenance_repair,machinery,unknown_stored_energy,Line of Fire
machinery_maintenance,2025109839,10/1/2025,Amrize Cement Terminal,327310,0.0,1.0,0.0," Amputations, avulsions, enucleations  unspecified"," Finger or thumb tip(s), nail(s)"," Struck by running powered equipment  during maintenance, cleaning, testing", Machinery  unspecified,"After clearing a plugged cement feed chute underneath a silo, the injured employee asked a coworker to ""bump"" the rotary feeder to confirm material flow had resumed. The rotary feeder's inspection port was open, and dust was escaping until the injured employee covered the hole. Material then built up and prevented a visual inspection inside the feeder. The injured employee then instructed the coworker at the operating switch to stop the machine. While the feeder was still rotating due to inertia, the injured employee pushed the packed material out of the inspection port. A rotating blade partially amputated their right index fingertip.","After clearing a plugged cement feed chute underneath a silo, the injured employee asked a coworker to ""bump"" the rotary feeder to confirm material flow had resumed. The rotary feeder's inspection port was open, and dust was escaping until the injured employee covered the hole. Material then built up and prevented a visual inspection inside the feeder. The injured employee then instructed the coworker at the operating switch to stop the machine. While the feeder was still rotating due to inertia, the injured employee pushed the packed material out of the inspection port. A rotating blade partially amputated their right index fingertip.",1.0,maintenance_repair,machinery,no_isolation,Energy Isolation
